nagini.marisetti,shamsheer.ahmed,maneesh.gone,madan.chinnala,manohar.suram
krishna.payeelee,shamsheer.ahmed,maneesh.gone,madan.chinnala,manohar.suram
nareshkumar.kalleda,valikhan.shaik,bharath.sriramoju,madan.chinnala,manohar.suram
sandhya.barisetti1,valikhan.shaik,bharath.sriramoju,madan.chinnala,manohar.suram
raghavendar.sinmart,srinivas.chekkapelli,sathish.kandukuri,madan.chinnala,manohar.suram
sreeswapna.oggu,srinivas.chekkapelli,sathish.kandukuri,madan.chinnala,manohar.suram
sasikumar.boggala,sathish.kandukuri,bharath.sriramoju,madan.chinnala,manohar.suram
thirumala.kantala,sathish.kandukuri,bharath.sriramoju,madan.chinnala,manohar.suram
swathi.sriramoju,maneesh.gone,valikhan.shaik,madan.chinnala,manohar.suram
leela.nakkala,maneesh.gone,valikhan.shaik,madan.chinnala,manohar.suram
durga.golagani,sandhya.kallem,soujanya.madhava,madan.chinnala,manohar.suram
subasri.kantipudi,sandhya.kallem,soujanya.madhava,madan.chinnala,manohar.suram
aswini.dudala,anitha.konda,valikhan.shaik,madan.chinnala,manohar.suram
hemalatha.arikolla,anitha.konda,valikhan.shaik,madan.chinnala,manohar.suram
lavanya.siluveru,jayalaxmi.vangala,maneesh.gone,madan.chinnala,manohar.suram
aswini.pyla,jayalaxmi.vangala,maneesh.gone,madan.chinnala,manohar.suram
gangabhavani.karri,bharath.sriramoju,jayalaxmi.vangala,madan.chinnala,manohar.suram
nikhil.bolleddula,bharath.sriramoju,jayalaxmi.vangala,madan.chinnala,manohar.suram
nookaraju.kadila,rani.kodi,sathish.kandukuri,madan.chinnala,manohar.suram
ravalika.balaboina,rani.kodi,sathish.kandukuri,madan.chinnala,manohar.suram
priyanka.katare,soujanya.madhava,jayalaxmi.vangala,madan.chinnala,manohar.suram
karuna.mallampalli,soujanya.madhava,jayalaxmi.vangala,madan.chinnala,manohar.suram
soujanya.karka,vidyadhari.chapala,sandhya.kallem,madan.chinnala,manohar.suram
uma.polineni,vidyadhari.chapala,sandhya.kallem,madan.chinnala,manohar.suram
sanjeevarao.charla,ramu.ankam,kishore.tammineni,vgopal.parasaram,manohar.suram
